대업종,중업종,규모,총계,떨어짐,넘어짐,부딪힘,맞음,무너짐,끼임,절단베임찔림,감전,폭발파열,화재,깔림뒤집힘,이상온도물체접촉,빠짐익사,불균형및무리한동작,화학물질누출접촉,산소결핍,사업장내교통사고,사업장외교통사고,업무상질병,체육행사,폭력행위,동물상해,기타,분류불능
금융및보험업,금융및보험업 소계,계,605,33,206,27,14,0,24,29,3,0,0,12,6,1,42,0,0,0,26,83,80,1,18,0,0
금융및보험업,금융및보험업 소계,5인 미만,72,2,22,1,2,0,4,0,0,0,0,2,1,0,2,0,0,0,1,20,14,0,1,0,0
금융및보험업,금융및보험업 소계,5인 ~ 9인,50,3,13,2,1,0,5,0,0,0,0,0,0,0,6,0,0,0,2,7,9,0,2,0,0
금융및보험업,금융및보험업 소계,10인 ~ 19인,106,13,27,7,5,0,4,9,2,0,0,2,1,0,9,0,0,0,3,13,8,0,3,0,0
금융및보험업,금융및보험업 소계,20인 ~ 29인,65,2,23,2,2,0,0,7,1,0,0,1,1,0,8,0,0,0,2,6,8,1,1,0,0
금융및보험업,금융및보험업 소계,30인 ~ 49인,113,6,44,6,2,0,5,5,0,0,0,2,3,0,4,0,0,0,5,12,13,0,6,0,0
금융및보험업,금융및보험업 소계,50인 ~ 99인,94,4,40,5,1,0,4,4,0,0,0,4,0,0,5,0,0,0,5,9,8,0,5,0,0
금융및보험업,금융및보험업 소계,100인 ~ 299인,43,3,15,0,0,0,1,3,0,0,0,0,0,1,2,0,0,0,3,6,9,0,0,0,0
금융및보험업,금융및보험업 소계,300인 ~ 499인,9,0,3,0,1,0,0,0,0,0,0,1,0,0,0,0,0,0,2,2,0,0,0,0,0
금융및보험업,금융및보험업 소계,500인 ~ 999인,9,0,3,0,0,0,0,0,0,0,0,0,0,0,1,0,0,0,1,1,3,0,0,0,0
금융및보험업,금융및보험업 소계,"1,000인 이상",44,0,16,4,0,0,1,1,0,0,0,0,0,0,5,0,0,0,2,7,8,0,0,0,0
금융및보험업,금융및보험업,계,605,33,206,27,14,0,24,29,3,0,0,12,6,1,42,0,0,0,26,83,80,1,18,0,0
금융및보험업,금융및보험업,5인 미만,72,2,22,1,2,0,4,0,0,0,0,2,1,0,2,0,0,0,1,20,14,0,1,0,0
금융및보험업,금융및보험업,5인 ~ 9인,50,3,13,2,1,0,5,0,0,0,0,0,0,0,6,0,0,0,2,7,9,0,2,0,0
금융및보험업,금융및보험업,10인 ~ 19인,106,13,27,7,5,0,4,9,2,0,0,2,1,0,9,0,0,0,3,13,8,0,3,0,0
금융및보험업,금융및보험업,20인 ~ 29인,65,2,23,2,2,0,0,7,1,0,0,1,1,0,8,0,0,0,2,6,8,1,1,0,0
금융및보험업,금융및보험업,30인 ~ 49인,113,6,44,6,2,0,5,5,0,0,0,2,3,0,4,0,0,0,5,12,13,0,6,0,0
금융및보험업,금융및보험업,50인 ~ 99인,94,4,40,5,1,0,4,4,0,0,0,4,0,0,5,0,0,0,5,9,8,0,5,0,0
금융및보험업,금융및보험업,100인 ~ 299인,43,3,15,0,0,0,1,3,0,0,0,0,0,1,2,0,0,0,3,6,9,0,0,0,0
금융및보험업,금융및보험업,300인 ~ 499인,9,0,3,0,1,0,0,0,0,0,0,1,0,0,0,0,0,0,2,2,0,0,0,0,0
금융및보험업,금융및보험업,500인 ~ 999인,9,0,3,0,0,0,0,0,0,0,0,0,0,0,1,0,0,0,1,1,3,0,0,0,0
금융및보험업,금융및보험업,"1,000인 이상",44,0,16,4,0,0,1,1,0,0,0,0,0,0,5,0,0,0,2,7,8,0,0,0,0
광  업,광  업 소계,계,2988,23,14,14,27,2,19,0,1,1,1,10,4,1,2,0,0,0,0,2861,0,0,0,0,8
광  업,광  업 소계,5인 미만,115,1,0,1,2,0,4,0,0,0,0,3,0,0,0,0,0,0,0,103,0,0,0,0,1
광  업,광  업 소계,5인 ~ 9인,74,3,2,2,3,0,2,0,0,0,0,0,0,0,0,0,0,0,0,62,0,0,0,0,0
광  업,광  업 소계,10인 ~ 19인,135,8,5,4,9,0,7,0,1,0,1,2,3,0,0,0,0,0,0,95,0,0,0,0,0
광  업,광  업 소계,20인 ~ 29인,149,4,3,3,4,1,3,0,0,1,0,5,0,1,0,0,0,0,0,123,0,0,0,0,1
광  업,광  업 소계,30인 ~ 49인,199,5,2,2,4,0,2,0,0,0,0,0,1,0,2,0,0,0,0,180,0,0,0,0,1
광  업,광  업 소계,50인 ~ 99인,191,1,1,1,0,1,1,0,0,0,0,0,0,0,0,0,0,0,0,186,0,0,0,0,0
광  업,광  업 소계,100인 ~ 299인,799,1,1,1,2,0,0,0,0,0,0,0,0,0,0,0,0,0,0,792,0,0,0,0,2
광  업,광  업 소계,300인 ~ 499인,701,0,0,0,2,0,0,0,0,0,0,0,0,0,0,0,0,0,0,699,0,0,0,0,0
광  업,광  업 소계,500인 ~ 999인,550,0,0,0,1,0,0,0,0,0,0,0,0,0,0,0,0,0,0,547,0,0,0,0,2
광  업,광  업 소계,"1,000인 이상",75,0,0,0,0,0,0,0,0,0,0,0,0,0,0,0,0,0,0,74,0,0,0,0,1
광  업,석탄광업및채석업,계,2589,3,1,3,5,0,1,0,0,0,0,2,0,0,0,0,0,0,0,2567,0,0,0,0,7
광  업,석탄광업및채석업,5인 미만,45,0,0,1,0,0,1,0,0,0,0,1,0,0,0,0,0,0,0,42,0,0,0,0,0
광  업,석탄광업및채석업,5인 ~ 9인,38,1,1,0,0,0,0,0,0,0,0,0,0,0,0,0,0,0,0,36,0,0,0,0,0
광  업,석탄광업및채석업,10인 ~ 19인,41,1,0,1,0,0,0,0,0,0,0,1,0,0,0,0,0,0,0,38,0,0,0,0,0
광  업,석탄광업및채석업,20인 ~ 29인,75,0,0,0,0,0,0,0,0,0,0,0,0,0,0,0,0,0,0,74,0,0,0,0,1
광  업,석탄광업및채석업,30인 ~ 49인,151,0,0,0,2,0,0,0,0,0,0,0,0,0,0,0,0,0,0,148,0,0,0,0,1
광  업,석탄광업및채석업,50인 ~ 99인,158,0,0,0,0,0,0,0,0,0,0,0,0,0,0,0,0,0,0,158,0,0,0,0,0
광  업,석탄광업및채석업,100인 ~ 299인,762,1,0,1,0,0,0,0,0,0,0,0,0,0,0,0,0,0,0,758,0,0,0,0,2
광  업,석탄광업및채석업,300인 ~ 499인,694,0,0,0,2,0,0,0,0,0,0,0,0,0,0,0,0,0,0,692,0,0,0,0,0
광  업,석탄광업및채석업,500인 ~ 999인,550,0,0,0,1,0,0,0,0,0,0,0,0,0,0,0,0,0,0,547,0,0,0,0,2
광  업,석탄광업및채석업,"1,000인 이상",75,0,0,0,0,0,0,0,0,0,0,0,0,0,0,0,0,0,0,74,0,0,0,0,1
광  업,석회석·금속·비금속광업및기타광업,계,399,20,13,11,22,2,18,0,1,1,1,8,4,1,2,0,0,0,0,294,0,0,0,0,1
광  업,석회석·금속·비금속광업및기타광업,5인 미만,70,1,0,0,2,0,3,0,0,0,0,2,0,0,0,0,0,0,0,61,0,0,0,0,1
광  업,석회석·금속·비금속광업및기타광업,5인 ~ 9인,36,2,1,2,3,0,2,0,0,0,0,0,0,0,0,0,0,0,0,26,0,0,0,0,0
광  업,석회석·금속·비금속광업및기타광업,10인 ~ 19인,94,7,5,3,9,0,7,0,1,0,1,1,3,0,0,0,0,0,0,57,0,0,0,0,0
광  업,석회석·금속·비금속광업및기타광업,20인 ~ 29인,74,4,3,3,4,1,3,0,0,1,0,5,0,1,0,0,0,0,0,49,0,0,0,0,0
광  업,석회석·금속·비금속광업및기타광업,30인 ~ 49인,48,5,2,2,2,0,2,0,0,0,0,0,1,0,2,0,0,0,0,32,0,0,0,0,0
광  업,석회석·금속·비금속광업및기타광업,50인 ~ 99인,33,1,1,1,0,1,1,0,0,0,0,0,0,0,0,0,0,0,0,28,0,0,0,0,0
광  업,석회석·금속·비금속광업및기타광업,100인 ~ 299인,37,0,1,0,2,0,0,0,0,0,0,0,0,0,0,0,0,0,0,34,0,0,0,0,0
광  업,석회석·금속·비금속광업및기타광업,300인 ~ 499인,7,0,0,0,0,0,0,0,0,0,0,0,0,0,0,0,0,0,0,7,0,0,0,0,0
광  업,석회석·금속·비금속광업및기타광업,500인 ~ 999인,0,0,0,0,0,0,0,0,0,0,0,0,0,0,0,0,0,0,0,0,0,0,0,0,0
광  업,석회석·금속·비금속광업및기타광업,"1,000인 이상",0,0,0,0,0,0,0,0,0,0,0,0,0,0,0,0,0,0,0,0,0,0,0,0,0
제조업,제조업 소계,계,32967,2274,3701,2626,2259,73,6886,2403,89,133,78,753,755,3,1423,177,0,67,304,8564,334,25,23,8,9
제조업,제조업 소계,5인 미만,6552,658,694,478,610,13,1496,743,19,35,14,184,131,0,163,17,0,3,41,1220,17,6,5,4,1
제조업,제조업 소계,5인 ~ 9인,4398,339,483,332,381,7,1052,500,14,28,13,116,94,1,137,18,0,4,30,830,12,0,5,1,1
제조업,제조업 소계,10인 ~ 19인,5036,406,557,445,400,21,1231,441,13,29,18,142,114,0,131,17,0,1,54,963,37,8,3,2,3
제조업,제조업 소계,20인 ~ 29인,2690,213,325,218,224,8,699,237,6,9,10,53,66,0,90,18,0,1,20,480,10,3,0,0,0
제조업,제조업 소계,30인 ~ 49인,2640,173,345,224,169,6,671,177,12,15,7,75,61,0,100,24,0,1,22,520,28,5,5,0,0
제조업,제조업 소계,50인 ~ 99인,2803,168,357,201,126,11,566,126,3,6,3,57,78,0,155,36,0,7,30,836,29,0,5,1,2
제조업,제조업 소계,100인 ~ 299인,2963,129,357,250,148,4,578,115,12,6,5,43,84,0,176,24,0,6,25,942,59,0,0,0,0
제조업,제조업 소계,300인 ~ 499인,959,45,122,67,45,0,162,22,3,2,5,9,36,0,74,14,0,0,5,323,24,0,0,0,1
제조업,제조업 소계,500인 ~ 999인,625,26,69,59,27,1,109,9,2,1,2,7,16,2,49,3,0,0,7,212,24,0,0,0,0
제조업,제조업 소계,"1,000인 이상",4301,117,392,352,129,2,322,33,5,2,1,67,75,0,348,6,0,44,70,2238,94,3,0,0,1
제조업,식료품제조업,계,3400,202,740,231,153,8,774,554,7,2,3,47,152,0,134,14,0,0,41,299,24,4,11,0,0
제조업,식료품제조업,5인 미만,511,36,86,31,23,0,123,103,2,0,0,5,29,0,21,2,0,0,8,34,2,3,3,0,0
제조업,식료품제조업,5인 ~ 9인,453,21,86,30,19,0,102,104,2,0,1,6,17,0,22,2,0,0,5,34,1,0,1,0,0
제조업,식료품제조업,10인 ~ 19인,604,44,119,47,31,2,117,127,2,0,0,12,29,0,18,0,0,0,7,43,6,0,0,0,0
제조업,식료품제조업,20인 ~ 29인,347,18,80,18,15,0,78,68,0,0,0,5,13,0,11,3,0,0,6,31,0,1,0,0,0
제조업,식료품제조업,30인 ~ 49인,407,16,103,18,17,0,106,66,0,2,1,6,21,0,10,3,0,0,5,26,4,0,3,0,0
제조업,식료품제조업,50인 ~ 99인,457,34,115,30,21,3,94,44,0,0,0,3,26,0,29,1,0,0,8,43,2,0,4,0,0
제조업,식료품제조업,100인 ~ 299인,396,16,99,32,12,1,107,33,1,0,0,8,8,0,17,0,0,0,2,53,7,0,0,0,0
제조업,식료품제조업,300인 ~ 499인,111,8,24,7,11,0,26,8,0,0,0,1,7,0,2,3,0,0,0,13,1,0,0,0,0
제조업,식료품제조업,500인 ~ 999인,54,4,13,8,3,1,14,0,0,0,1,0,1,0,4,0,0,0,0,5,0,0,0,0,0
제조업,식료품제조업,"1,000인 이상",60,5,15,10,1,1,7,1,0,0,0,1,1,0,0,0,0,0,0,17,1,0,0,0,0
제조업,섬유및섬유제품제조업,계,1082,81,155,74,31,0,272,82,1,4,1,19,31,0,40,10,0,0,10,262,6,1,0,1,1
제조업,섬유및섬유제품제조업,5인 미만,285,32,29,18,8,0,67,35,1,3,0,7,6,0,9,1,0,0,2,67,0,0,0,0,0
제조업,섬유및섬유제품제조업,5인 ~ 9인,142,8,30,15,3,0,41,12,0,0,0,2,3,0,6,1,0,0,2,18,1,0,0,0,0
제조업,섬유및섬유제품제조업,10인 ~ 19인,202,16,44,15,8,0,49,9,0,1,1,0,3,0,5,2,0,0,2,42,4,0,0,1,0
제조업,섬유및섬유제품제조업,20인 ~ 29인,105,8,13,8,5,0,28,6,0,0,0,2,7,0,3,0,0,0,0,24,0,1,0,0,0
제조업,섬유및섬유제품제조업,30인 ~ 49인,106,6,14,10,2,0,30,5,0,0,0,2,6,0,2,2,0,0,1,26,0,0,0,0,0
제조업,섬유및섬유제품제조업,50인 ~ 99인,110,4,11,3,3,0,31,6,0,0,0,2,2,0,7,3,0,0,1,36,0,0,0,0,1
제조업,섬유및섬유제품제조업,100인 ~ 299인,92,4,10,5,2,0,23,8,0,0,0,3,2,0,6,0,0,0,1,27,1,0,0,0,0
제조업,섬유및섬유제품제조업,300인 ~ 499인,21,1,3,0,0,0,2,0,0,0,0,0,1,0,2,0,0,0,1,11,0,0,0,0,0
제조업,섬유및섬유제품제조업,500인 ~ 999인,1,0,0,0,0,0,0,0,0,0,0,0,0,0,0,1,0,0,0,0,0,0,0,0,0
제조업,섬유및섬유제품제조업,"1,000인 이상",18,2,1,0,0,0,1,1,0,0,0,1,1,0,0,0,0,0,0,11,0,0,0,0,0
제조업,목재및종이제품제조업,계,1590,115,141,100,121,9,424,328,4,1,5,35,16,0,39,3,0,0,11,227,7,1,0,1,2
제조업,목재및종이제품제조업,5인 미만,489,43,44,30,32,6,94,153,1,0,1,9,1,0,8,0,0,0,4,60,2,0,0,1,0
제조업,목재및종이제품제조업,5인 ~ 9인,324,24,24,20,28,2,78,83,1,0,0,7,3,0,6,1,0,0,1,46,0,0,0,0,0
제조업,목재및종이제품제조업,10인 ~ 19인,317,21,34,21,20,1,87,44,1,1,1,9,4,0,9,1,0,0,3,58,1,0,0,0,1
제조업,목재및종이제품제조업,20인 ~ 29인,121,10,11,1,14,0,42,20,0,0,1,5,2,0,4,0,0,0,0,10,1,0,0,0,0
제조업,목재및종이제품제조업,30인 ~ 49인,109,5,9,6,6,0,45,15,0,0,0,2,2,0,3,0,0,0,0,15,0,1,0,0,0
제조업,목재및종이제품제조업,50인 ~ 99인,90,3,9,5,6,0,34,5,0,0,1,2,3,0,3,1,0,0,3,15,0,0,0,0,0
제조업,목재및종이제품제조업,100인 ~ 299인,114,4,8,15,13,0,36,8,1,0,1,1,0,0,6,0,0,0,0,19,2,0,0,0,0
제조업,목재및종이제품제조업,300인 ~ 499인,22,5,2,1,2,0,6,0,0,0,0,0,1,0,0,0,0,0,0,3,1,0,0,0,1
제조업,목재및종이제품제조업,500인 ~ 999인,4,0,0,1,0,0,2,0,0,0,0,0,0,0,0,0,0,0,0,1,0,0,0,0,0
제조업,목재및종이제품제조업,"1,000인 이상",0,0,0,0,0,0,0,0,0,0,0,0,0,0,0,0,0,0,0,0,0,0,0,0,0
제조업,출판·인쇄·제본업,계,387,25,43,24,17,2,159,30,1,0,1,6,7,0,12,0,0,0,7,46,7,0,0,0,0
제조업,출판·인쇄·제본업,5인 미만,103,8,10,4,6,1,41,10,1,0,0,1,2,0,2,0,0,0,3,14,0,0,0,0,0
제조업,출판·인쇄·제본업,5인 ~ 9인,66,4,4,5,3,0,29,4,0,0,0,2,1,0,4,0,0,0,1,9,0,0,0,0,0
제조업,출판·인쇄·제본업,10인 ~ 19인,76,5,9,6,1,0,30,6,0,0,1,1,2,0,3,0,0,0,2,9,1,0,0,0,0
제조업,출판·인쇄·제본업,20인 ~ 29인,47,4,9,1,2,0,22,2,0,0,0,0,0,0,2,0,0,0,0,4,1,0,0,0,0
제조업,출판·인쇄·제본업,30인 ~ 49인,34,1,4,3,3,0,16,1,0,0,0,0,2,0,0,0,0,0,0,2,2,0,0,0,0
제조업,출판·인쇄·제본업,50인 ~ 99인,32,2,2,3,0,1,14,6,0,0,0,1,0,0,1,0,0,0,0,1,1,0,0,0,0
제조업,출판·인쇄·제본업,100인 ~ 299인,28,1,5,2,2,0,7,1,0,0,0,1,0,0,0,0,0,0,1,6,2,0,0,0,0
제조업,출판·인쇄·제본업,300인 ~ 499인,1,0,0,0,0,0,0,0,0,0,0,0,0,0,0,0,0,0,0,1,0,0,0,0,0
제조업,출판·인쇄·제본업,500인 ~ 999인,0,0,0,0,0,0,0,0,0,0,0,0,0,0,0,0,0,0,0,0,0,0,0,0,0
제조업,출판·인쇄·제본업,"1,000인 이상",0,0,0,0,0,0,0,0,0,0,0,0,0,0,0,0,0,0,0,0,0,0,0,0,0
제조업,화학및고무제품제조업,계,3464,238,386,276,161,10,891,252,14,24,18,50,91,1,167,63,0,0,33,757,28,1,3,0,0
제조업,화학및고무제품제조업,5인 미만,465,55,61,34,18,0,154,55,1,6,4,6,12,0,7,4,0,0,6,40,1,0,1,0,0
제조업,화학및고무제품제조업,5인 ~ 9인,423,39,56,22,38,2,113,58,3,6,1,8,12,1,19,4,0,0,3,35,2,0,1,0,0
제조업,화학및고무제품제조업,10인 ~ 19인,485,45,46,41,36,4,169,41,1,4,3,9,9,0,13,2,0,0,8,51,1,1,1,0,0
제조업,화학및고무제품제조업,20인 ~ 29인,297,32,40,28,16,1,91,30,0,1,5,4,6,0,9,8,0,0,1,24,1,0,0,0,0
제조업,화학및고무제품제조업,30인 ~ 49인,308,20,36,31,11,2,104,20,5,2,0,5,9,0,11,10,0,0,4,33,5,0,0,0,0
제조업,화학및고무제품제조업,50인 ~ 99인,331,23,44,27,15,1,78,18,1,1,0,11,14,0,21,19,0,0,1,55,2,0,0,0,0
제조업,화학및고무제품제조업,100인 ~ 299인,325,12,32,32,13,0,81,19,2,1,2,5,15,0,20,13,0,0,1,67,10,0,0,0,0
제조업,화학및고무제품제조업,300인 ~ 499인,53,2,12,1,0,0,11,0,1,2,3,0,3,0,4,2,0,0,0,12,0,0,0,0,0
제조업,화학및고무제품제조업,500인 ~ 999인,58,1,4,8,1,0,14,3,0,0,0,0,0,0,3,1,0,0,1,18,4,0,0,0,0
제조업,화학및고무제품제조업,"1,000인 이상",719,9,55,52,13,0,76,8,0,1,0,2,11,0,60,0,0,0,8,422,2,0,0,0,0
제조업,의약품·화장품·연탄·석유제품제조업,계,354,15,63,24,13,0,68,13,2,4,1,9,20,0,16,10,0,0,3,84,9,0,0,0,0
제조업,의약품·화장품·연탄·석유제품제조업,5인 미만,18,1,3,0,2,0,1,1,0,0,0,0,1,0,0,0,0,0,0,9,0,0,0,0,0
제조업,의약품·화장품·연탄·석유제품제조업,5인 ~ 9인,32,0,4,3,1,0,1,1,0,0,0,0,0,0,1,0,0,0,0,20,1,0,0,0,0
제조업,의약품·화장품·연탄·석유제품제조업,10인 ~ 19인,40,1,2,3,1,0,2,4,0,0,1,1,1,0,0,1,0,0,0,23,0,0,0,0,0
제조업,의약품·화장품·연탄·석유제품제조업,20인 ~ 29인,26,0,7,2,1,0,5,0,1,0,0,0,0,0,1,1,0,0,0,8,0,0,0,0,0
제조업,의약품·화장품·연탄·석유제품제조업,30인 ~ 49인,29,4,7,2,2,0,5,0,0,2,0,1,1,0,1,0,0,0,1,3,0,0,0,0,0
제조업,의약품·화장품·연탄·석유제품제조업,50인 ~ 99인,57,5,11,2,2,0,16,3,0,0,0,0,5,0,4,1,0,0,0,6,2,0,0,0,0
제조업,의약품·화장품·연탄·석유제품제조업,100인 ~ 299인,87,4,17,7,3,0,26,3,0,2,0,4,7,0,3,3,0,0,1,6,1,0,0,0,0
제조업,의약품·화장품·연탄·석유제품제조업,300인 ~ 499인,29,0,8,4,0,0,6,1,0,0,0,1,2,0,3,3,0,0,0,1,0,0,0,0,0
제조업,의약품·화장품·연탄·석유제품제조업,500인 ~ 999인,16,0,2,0,0,0,6,0,1,0,0,2,0,0,0,0,0,0,1,1,3,0,0,0,0
제조업,의약품·화장품·연탄·석유제품제조업,"1,000인 이상",20,0,2,1,1,0,0,0,0,0,0,0,3,0,3,1,0,0,0,7,2,0,0,0,0
제조업,기계기구·금속·비금속광물제품제조업,계,15601,1099,1367,1421,1375,32,3382,868,38,75,40,436,298,2,654,60,0,30,132,4136,129,12,6,4,5
제조업,기계기구·금속·비금속광물제품제조업,5인 미만,3577,332,301,291,426,5,841,297,8,19,7,129,59,0,74,7,0,0,11,757,8,1,1,2,1
제조업,기계기구·금속·비금속광물제품제조업,5인 ~ 9인,2324,182,190,198,246,2,579,187,8,22,8,75,45,0,60,8,0,1,12,496,1,0,2,1,1
제조업,기계기구·금속·비금속광물제품제조업,10인 ~ 19인,2599,206,227,252,256,14,642,159,8,17,10,87,51,0,59,11,0,0,23,553,15,5,1,1,2
제조업,기계기구·금속·비금속광물제품제조업,20인 ~ 29인,1346,95,123,127,135,6,346,84,3,5,2,34,33,0,48,5,0,0,11,284,4,1,0,0,0
제조업,기계기구·금속·비금속광물제품제조업,30인 ~ 49인,1204,88,119,119,97,1,291,52,4,7,6,47,17,0,52,9,0,0,9,271,10,4,1,0,0
제조업,기계기구·금속·비금속광물제품제조업,50인 ~ 99인,950,63,88,89,48,1,207,30,2,3,2,24,18,0,47,8,0,0,9,298,12,0,1,0,0
제조업,기계기구·금속·비금속광물제품제조업,100인 ~ 299인,1160,49,103,109,76,3,215,34,4,1,2,12,36,0,88,5,0,1,8,389,25,0,0,0,0
제조업,기계기구·금속·비금속광물제품제조업,300인 ~ 499인,544,24,45,40,25,0,73,12,0,0,2,3,16,0,47,3,0,0,4,236,14,0,0,0,0
제조업,기계기구·금속·비금속광물제품제조업,500인 ~ 999인,287,14,22,26,14,0,48,4,0,0,0,3,6,2,19,1,0,0,2,116,10,0,0,0,0
제조업,기계기구·금속·비금속광물제품제조업,"1,000인 이상",1610,46,149,170,52,0,140,9,1,1,1,22,17,0,160,3,0,28,43,736,30,1,0,0,1
제조업,금속제련업,계,350,10,30,21,11,1,21,2,2,5,0,1,16,0,19,4,0,1,2,190,12,2,0,0,0
제조업,금속제련업,5인 미만,4,0,0,0,0,0,0,1,0,0,0,0,0,0,1,0,0,0,0,2,0,0,0,0,0
제조업,금속제련업,5인 ~ 9인,3,0,0,0,0,0,0,0,0,0,0,0,0,0,0,1,0,0,0,2,0,0,0,0,0
제조업,금속제련업,10인 ~ 19인,8,0,1,1,1,0,1,1,0,0,0,0,0,0,0,0,0,0,0,3,0,0,0,0,0
제조업,금속제련업,20인 ~ 29인,5,0,0,1,1,0,0,0,0,1,0,0,0,0,0,0,0,0,0,2,0,0,0,0,0
제조업,금속제련업,30인 ~ 49인,25,1,0,0,0,0,2,0,0,0,0,0,2,0,0,0,0,0,0,20,0,0,0,0,0
제조업,금속제련업,50인 ~ 99인,43,2,3,3,0,1,2,0,0,2,0,0,4,0,4,1,0,0,0,21,0,0,0,0,0
제조업,금속제련업,100인 ~ 299인,68,1,5,1,1,0,4,0,0,1,0,0,2,0,4,0,0,1,0,48,0,0,0,0,0
제조업,금속제련업,300인 ~ 499인,15,0,0,0,1,0,0,0,0,0,0,0,1,0,0,0,0,0,0,12,1,0,0,0,0
제조업,금속제련업,500인 ~ 999인,34,2,3,3,3,0,6,0,0,1,0,0,5,0,0,0,0,0,0,11,0,0,0,0,0
제조업,금속제련업,"1,000인 이상",145,4,18,12,4,0,6,0,2,0,0,1,2,0,10,2,0,0,2,69,11,2,0,0,0
제조업,전기기계기구·정밀기구·전자제품제조업,계,1939,123,291,164,122,3,453,106,15,2,1,38,28,0,128,9,0,1,38,326,87,1,1,2,0
제조업,전기기계기구·정밀기구·전자제품제조업,5인 미만,291,30,44,14,29,0,76,23,3,0,0,7,7,0,13,0,0,0,4,38,1,1,0,1,0
제조업,전기기계기구·정밀기구·전자제품제조업,5인 ~ 9인,185,9,27,14,11,0,52,24,0,0,0,5,3,0,1,1,0,0,2,33,3,0,0,0,0
제조업,전기기계기구·정밀기구·전자제품제조업,10인 ~ 19인,222,16,26,21,13,0,57,21,1,1,0,7,3,0,11,0,0,0,7,31,7,0,0,0,0
제조업,전기기계기구·정밀기구·전자제품제조업,20인 ~ 29인,146,15,12,15,15,1,45,10,2,0,0,0,1,0,3,0,0,0,1,23,3,0,0,0,0
제조업,전기기계기구·정밀기구·전자제품제조업,30인 ~ 49인,183,16,28,16,17,1,49,7,3,0,0,6,1,0,11,0,0,0,2,18,7,0,1,0,0
제조업,전기기계기구·정밀기구·전자제품제조업,50인 ~ 99인,207,9,30,22,14,0,52,5,0,0,0,3,2,0,19,2,0,0,5,34,9,0,0,1,0
제조업,전기기계기구·정밀기구·전자제품제조업,100인 ~ 299인,281,16,45,25,12,0,57,8,3,1,0,3,4,0,21,3,0,1,9,62,11,0,0,0,0
제조업,전기기계기구·정밀기구·전자제품제조업,300인 ~ 499인,157,5,28,13,6,0,37,1,2,0,0,4,4,0,16,3,0,0,0,31,7,0,0,0,0
제조업,전기기계기구·정밀기구·전자제품제조업,500인 ~ 999인,86,2,14,10,3,0,15,2,1,0,1,0,1,0,12,0,0,0,0,18,7,0,0,0,0
제조업,전기기계기구·정밀기구·전자제품제조업,"1,000인 이상",181,5,37,14,2,1,13,5,0,0,0,3,2,0,21,0,0,0,8,38,32,0,0,0,0
제조업,선박건조및수리업,계,3754,231,357,210,177,3,197,43,4,8,5,91,78,0,173,1,0,35,19,2102,17,3,0,0,0
제조업,선박건조및수리업,5인 미만,504,62,87,33,46,0,37,9,1,4,2,13,9,0,17,1,0,3,1,178,0,1,0,0,0
제조업,선박건조및수리업,5인 ~ 9인,282,32,43,14,23,0,18,8,0,0,3,7,5,0,10,0,0,3,2,114,0,0,0,0,0
제조업,선박건조및수리업,10인 ~ 19인,257,26,24,18,12,0,16,9,0,2,0,11,7,0,8,0,0,1,0,121,0,2,0,0,0
제조업,선박건조및수리업,20인 ~ 29인,118,17,12,6,8,0,5,4,0,1,0,2,2,0,2,0,0,1,0,58,0,0,0,0,0
제조업,선박건조및수리업,30인 ~ 49인,150,10,11,11,6,1,7,0,0,1,0,5,0,0,5,0,0,1,0,92,0,0,0,0,0
제조업,선박건조및수리업,50인 ~ 99인,440,17,29,12,10,2,18,3,0,0,0,8,3,0,16,0,0,7,2,312,1,0,0,0,0
제조업,선박건조및수리업,100인 ~ 299인,364,18,25,19,13,0,12,1,1,0,0,6,10,0,10,0,0,3,2,244,0,0,0,0,0
제조업,선박건조및수리업,300인 ~ 499인,6,0,0,1,0,0,1,0,0,0,0,0,1,0,0,0,0,0,0,3,0,0,0,0,0
제조업,선박건조및수리업,500인 ~ 999인,85,3,11,3,3,0,4,0,0,0,0,2,3,0,11,0,0,0,3,42,0,0,0,0,0
제조업,선박건조및수리업,"1,000인 이상",1548,46,115,93,56,0,79,9,2,0,0,37,38,0,94,0,0,16,9,938,16,0,0,0,0
제조업,수제품및기타제품제조업,계,1046,135,128,81,78,5,245,125,1,8,3,21,18,0,41,3,0,0,8,135,8,0,2,0,1
제조업,수제품및기타제품제조업,5인 미만,305,59,29,23,20,1,62,56,1,3,0,7,5,0,11,2,0,0,2,21,3,0,0,0,0
제조업,수제품및기타제품제조업,5인 ~ 9인,164,20,19,11,9,1,39,19,0,0,0,4,5,0,8,0,0,0,2,23,3,0,1,0,0
제조업,수제품및기타제품제조업,10인 ~ 19인,226,26,25,20,21,0,61,20,0,3,1,5,5,0,5,0,0,0,2,29,2,0,1,0,0
제조업,수제품및기타제품제조업,20인 ~ 29인,132,14,18,11,12,0,37,13,0,1,2,1,2,0,7,1,0,0,1,12,0,0,0,0,0
제조업,수제품및기타제품제조업,30인 ~ 49인,85,6,14,8,8,1,16,11,0,1,0,1,0,0,5,0,0,0,0,14,0,0,0,0,0
제조업,수제품및기타제품제조업,50인 ~ 99인,86,6,15,5,7,2,20,6,0,0,0,3,1,0,4,0,0,0,1,15,0,0,0,0,1
제조업,수제품및기타제품제조업,100인 ~ 299인,48,4,8,3,1,0,10,0,0,0,0,0,0,0,1,0,0,0,0,21,0,0,0,0,0
제조업,수제품및기타제품제조업,300인 ~ 499인,0,0,0,0,0,0,0,0,0,0,0,0,0,0,0,0,0,0,0,0,0,0,0,0,0
제조업,수제품및기타제품제조업,500인 ~ 999인,0,0,0,0,0,0,0,0,0,0,0,0,0,0,0,0,0,0,0,0,0,0,0,0,0
제조업,수제품및기타제품제조업,"1,000인 이상",0,0,0,0,0,0,0,0,0,0,0,0,0,0,0,0,0,0,0,0,0,0,0,0,0
전기·가스·증기·수도사업,전기·가스·증기·수도사업 소계,계,134,12,28,6,6,0,9,6,5,3,0,3,10,0,6,4,0,0,1,30,5,0,0,0,0
전기·가스·증기·수도사업,전기·가스·증기·수도사업 소계,5인 미만,12,2,0,0,2,0,2,1,0,1,0,1,2,0,0,0,0,0,0,1,0,0,0,0,0
전기·가스·증기·수도사업,전기·가스·증기·수도사업 소계,5인 ~ 9인,6,0,0,0,1,0,1,0,0,0,0,1,0,0,1,0,0,0,0,2,0,0,0,0,0
전기·가스·증기·수도사업,전기·가스·증기·수도사업 소계,10인 ~ 19인,6,0,2,0,0,0,1,0,0,0,0,0,1,0,0,0,0,0,0,2,0,0,0,0,0
전기·가스·증기·수도사업,전기·가스·증기·수도사업 소계,20인 ~ 29인,16,2,3,2,0,0,2,1,1,0,0,0,1,0,1,0,0,0,1,2,0,0,0,0,0
전기·가스·증기·수도사업,전기·가스·증기·수도사업 소계,30인 ~ 49인,18,2,7,1,0,0,0,1,0,0,0,1,2,0,1,0,0,0,0,3,0,0,0,0,0
전기·가스·증기·수도사업,전기·가스·증기·수도사업 소계,50인 ~ 99인,22,5,4,1,2,0,2,2,4,0,0,0,0,0,1,1,0,0,0,0,0,0,0,0,0
전기·가스·증기·수도사업,전기·가스·증기·수도사업 소계,100인 ~ 299인,28,1,5,1,0,0,1,1,0,2,0,0,1,0,0,0,0,0,0,14,2,0,0,0,0
전기·가스·증기·수도사업,전기·가스·증기·수도사업 소계,300인 ~ 499인,9,0,5,0,1,0,0,0,0,0,0,0,0,0,1,2,0,0,0,0,0,0,0,0,0
전기·가스·증기·수도사업,전기·가스·증기·수도사업 소계,500인 ~ 999인,5,0,1,0,0,0,0,0,0,0,0,0,0,0,0,0,0,0,0,3,1,0,0,0,0
전기·가스·증기·수도사업,전기·가스·증기·수도사업 소계,"1,000인 이상",12,0,1,1,0,0,0,0,0,0,0,0,3,0,1,1,0,0,0,3,2,0,0,0,0
전기·가스·증기·수도사업,전기·가스·증기·수도사업,계,134,12,28,6,6,0,9,6,5,3,0,3,10,0,6,4,0,0,1,30,5,0,0,0,0
전기·가스·증기·수도사업,전기·가스·증기·수도사업,5인 미만,12,2,0,0,2,0,2,1,0,1,0,1,2,0,0,0,0,0,0,1,0,0,0,0,0
전기·가스·증기·수도사업,전기·가스·증기·수도사업,5인 ~ 9인,6,0,0,0,1,0,1,0,0,0,0,1,0,0,1,0,0,0,0,2,0,0,0,0,0
전기·가스·증기·수도사업,전기·가스·증기·수도사업,10인 ~ 19인,6,0,2,0,0,0,1,0,0,0,0,0,1,0,0,0,0,0,0,2,0,0,0,0,0
전기·가스·증기·수도사업,전기·가스·증기·수도사업,20인 ~ 29인,16,2,3,2,0,0,2,1,1,0,0,0,1,0,1,0,0,0,1,2,0,0,0,0,0
전기·가스·증기·수도사업,전기·가스·증기·수도사업,30인 ~ 49인,18,2,7,1,0,0,0,1,0,0,0,1,2,0,1,0,0,0,0,3,0,0,0,0,0
전기·가스·증기·수도사업,전기·가스·증기·수도사업,50인 ~ 99인,22,5,4,1,2,0,2,2,4,0,0,0,0,0,1,1,0,0,0,0,0,0,0,0,0
전기·가스·증기·수도사업,전기·가스·증기·수도사업,100인 ~ 299인,28,1,5,1,0,0,1,1,0,2,0,0,1,0,0,0,0,0,0,14,2,0,0,0,0
전기·가스·증기·수도사업,전기·가스·증기·수도사업,300인 ~ 499인,9,0,5,0,1,0,0,0,0,0,0,0,0,0,1,2,0,0,0,0,0,0,0,0,0
전기·가스·증기·수도사업,전기·가스·증기·수도사업,500인 ~ 999인,5,0,1,0,0,0,0,0,0,0,0,0,0,0,0,0,0,0,0,3,1,0,0,0,0
전기·가스·증기·수도사업,전기·가스·증기·수도사업,"1,000인 이상",12,0,1,1,0,0,0,0,0,0,0,0,3,0,1,1,0,0,0,3,2,0,0,0,0
건설업,건설업 소계,계,32353,7313,5321,2689,3216,398,2442,2628,133,53,35,906,195,1,1191,103,1,1,133,5524,12,22,13,10,13
건설업,건설업 소계,5인 미만,10228,2963,1343,772,956,146,657,1237,60,23,14,263,75,1,302,27,1,1,63,1300,3,4,8,2,7
건설업,건설업 소계,5인 ~ 9인,3376,773,520,278,340,57,215,312,20,4,3,107,15,0,102,8,0,0,10,608,0,2,1,0,1
건설업,건설업 소계,10인 ~ 19인,4198,953,679,367,432,57,352,325,10,4,3,118,19,0,133,13,0,0,8,716,3,1,2,2,1
건설업,건설업 소계,20인 ~ 29인,2336,506,395,197,255,39,194,139,4,6,4,52,20,0,69,12,0,0,13,426,1,1,0,1,2
건설업,건설업 소계,30인 ~ 49인,2035,411,349,169,223,26,152,124,10,1,3,74,12,0,77,9,0,0,8,385,0,2,0,0,0
건설업,건설업 소계,50인 ~ 99인,2450,524,436,231,260,22,210,125,7,5,3,68,20,0,87,3,0,0,6,438,0,2,1,1,1
건설업,건설업 소계,100인 ~ 299인,4599,777,908,402,474,39,413,226,12,4,1,135,25,0,225,22,0,0,11,918,2,3,0,2,0
건설업,건설업 소계,300인 ~ 499인,1710,233,399,160,147,8,132,76,4,4,0,45,6,0,102,3,0,0,7,375,1,6,1,1,0
건설업,건설업 소계,500인 ~ 999인,888,124,176,64,79,3,70,43,3,1,4,32,2,0,57,5,0,0,1,223,0,0,0,1,0
건설업,건설업 소계,"1,000인 이상",533,49,116,49,50,1,47,21,3,1,0,12,1,0,37,1,0,0,6,135,2,1,0,0,1
건설업,건설업,계,32353,7313,5321,2689,3216,398,2442,2628,133,53,35,906,195,1,1191,103,1,1,133,5524,12,22,13,10,13
건설업,건설업,5인 미만,10228,2963,1343,772,956,146,657,1237,60,23,14,263,75,1,302,27,1,1,63,1300,3,4,8,2,7
건설업,건설업,5인 ~ 9인,3376,773,520,278,340,57,215,312,20,4,3,107,15,0,102,8,0,0,10,608,0,2,1,0,1
건설업,건설업,10인 ~ 19인,4198,953,679,367,432,57,352,325,10,4,3,118,19,0,133,13,0,0,8,716,3,1,2,2,1
건설업,건설업,20인 ~ 29인,2336,506,395,197,255,39,194,139,4,6,4,52,20,0,69,12,0,0,13,426,1,1,0,1,2
건설업,건설업,30인 ~ 49인,2035,411,349,169,223,26,152,124,10,1,3,74,12,0,77,9,0,0,8,385,0,2,0,0,0
건설업,건설업,50인 ~ 99인,2450,524,436,231,260,22,210,125,7,5,3,68,20,0,87,3,0,0,6,438,0,2,1,1,1
건설업,건설업,100인 ~ 299인,4599,777,908,402,474,39,413,226,12,4,1,135,25,0,225,22,0,0,11,918,2,3,0,2,0
건설업,건설업,300인 ~ 499인,1710,233,399,160,147,8,132,76,4,4,0,45,6,0,102,3,0,0,7,375,1,6,1,1,0
건설업,건설업,500인 ~ 999인,888,124,176,64,79,3,70,43,3,1,4,32,2,0,57,5,0,0,1,223,0,0,0,1,0
건설업,건설업,"1,000인 이상",533,49,116,49,50,1,47,21,3,1,0,12,1,0,37,1,0,0,6,135,2,1,0,0,1
운수·창고·통신업,운수·창고·통신업 소계,계,14937,1144,2847,962,423,37,608,125,10,5,8,602,54,2,998,11,0,6,6025,898,76,66,22,4,4
운수·창고·통신업,운수·창고·통신업 소계,5인 미만,5510,558,987,299,170,12,199,52,0,2,6,251,15,1,312,2,0,0,2437,189,4,7,5,1,1
운수·창고·통신업,운수·창고·통신업 소계,5인 ~ 9인,903,89,173,54,24,5,36,7,0,0,0,34,0,0,55,3,0,0,364,55,0,2,1,0,1
운수·창고·통신업,운수·창고·통신업 소계,10인 ~ 19인,1247,100,237,76,30,1,58,13,0,0,0,50,8,0,79,1,0,0,506,82,1,1,4,0,0
운수·창고·통신업,운수·창고·통신업 소계,20인 ~ 29인,705,65,140,37,14,2,36,5,0,0,0,30,3,0,59,2,0,2,241,58,7,2,2,0,0
운수·창고·통신업,운수·창고·통신업 소계,30인 ~ 49인,771,65,164,54,25,2,42,7,1,0,0,30,3,0,67,0,0,0,224,72,7,5,2,1,0
운수·창고·통신업,운수·창고·통신업 소계,50인 ~ 99인,1026,81,228,97,31,2,49,10,0,1,1,23,2,0,76,2,0,1,299,99,9,11,3,0,1
운수·창고·통신업,운수·창고·통신업 소계,100인 ~ 299인,1086,101,237,114,46,2,73,11,1,2,1,27,4,1,98,1,0,2,200,136,17,12,0,0,0
운수·창고·통신업,운수·창고·통신업 소계,300인 ~ 499인,430,33,106,30,16,2,19,3,1,0,0,13,0,0,38,0,0,1,130,32,2,4,0,0,0
운수·창고·통신업,운수·창고·통신업 소계,500인 ~ 999인,355,14,74,53,17,3,23,2,3,0,0,3,2,0,34,0,0,0,44,74,6,2,0,1,0
운수·창고·통신업,운수·창고·통신업 소계,"1,000인 이상",2904,38,501,148,50,6,73,15,4,0,0,141,17,0,180,0,0,0,1580,101,23,20,5,1,1
운수·창고·통신업,철도·항공·창고·운수관련서비스업,계,3595,362,756,492,225,18,334,77,8,4,3,81,32,1,387,1,0,6,267,449,50,30,6,3,3
운수·창고·통신업,철도·항공·창고·운수관련서비스업,5인 미만,848,124,170,85,62,1,69,30,0,2,1,34,8,1,69,0,0,0,117,70,2,1,0,1,1
운수·창고·통신업,철도·항공·창고·운수관련서비스업,5인 ~ 9인,205,37,49,25,12,3,21,4,0,0,0,7,0,0,18,0,0,0,10,16,0,2,0,0,1
운수·창고·통신업,철도·항공·창고·운수관련서비스업,10인 ~ 19인,291,30,71,45,13,1,33,5,0,0,0,6,3,0,23,0,0,0,12,45,1,1,2,0,0
운수·창고·통신업,철도·항공·창고·운수관련서비스업,20인 ~ 29인,166,15,38,17,8,2,18,3,0,0,0,4,0,0,21,1,0,2,7,27,2,0,1,0,0
운수·창고·통신업,철도·항공·창고·운수관련서비스업,30인 ~ 49인,218,17,51,33,17,0,18,6,1,0,0,3,3,0,25,0,0,0,10,28,4,1,1,0,0
운수·창고·통신업,철도·항공·창고·운수관련서비스업,50인 ~ 99인,270,25,51,44,16,0,29,5,0,1,1,4,0,0,36,0,0,1,14,36,4,2,1,0,0
운수·창고·통신업,철도·항공·창고·운수관련서비스업,100인 ~ 299인,416,51,75,58,23,1,42,8,0,1,1,8,1,0,52,0,0,2,11,65,12,5,0,0,0
운수·창고·통신업,철도·항공·창고·운수관련서비스업,300인 ~ 499인,154,18,38,21,11,1,15,1,0,0,0,4,0,0,17,0,0,1,9,16,1,1,0,0,0
운수·창고·통신업,철도·항공·창고·운수관련서비스업,500인 ~ 999인,254,10,46,46,16,3,22,1,3,0,0,1,1,0,27,0,0,0,13,60,2,2,0,1,0
운수·창고·통신업,철도·항공·창고·운수관련서비스업,"1,000인 이상",773,35,167,118,47,6,67,14,4,0,0,10,16,0,99,0,0,0,64,86,22,15,1,1,1
운수·창고·통신업,육상및수상운수업,계,11105,752,2040,451,193,19,267,45,2,1,5,517,21,1,586,10,0,0,5716,416,12,35,14,1,1
운수·창고·통신업,육상및수상운수업,5인 미만,4608,434,808,209,107,11,129,22,0,0,5,216,7,0,239,2,0,0,2292,115,1,6,5,0,0
운수·창고·통신업,육상및수상운수업,5인 ~ 9인,678,51,122,29,12,2,15,3,0,0,0,26,0,0,36,3,0,0,343,36,0,0,0,0,0
운수·창고·통신업,육상및수상운수업,10인 ~ 19인,937,64,162,31,17,0,24,7,0,0,0,44,4,0,54,1,0,0,494,33,0,0,2,0,0
운수·창고·통신업,육상및수상운수업,20인 ~ 29인,519,48,96,17,6,0,18,2,0,0,0,25,3,0,36,1,0,0,232,29,3,2,1,0,0
운수·창고·통신업,육상및수상운수업,30인 ~ 49인,504,38,104,18,6,2,22,1,0,0,0,27,0,0,30,0,0,0,214,37,0,4,0,1,0
운수·창고·통신업,육상및수상운수업,50인 ~ 99인,709,49,163,46,15,2,18,3,0,0,0,19,2,0,37,2,0,0,285,54,3,8,2,0,1
운수·창고·통신업,육상및수상운수업,100인 ~ 299인,649,46,157,55,22,1,30,3,1,1,0,18,3,1,45,1,0,0,188,67,3,7,0,0,0
운수·창고·통신업,육상및수상운수업,300인 ~ 499인,273,15,67,9,4,1,4,2,1,0,0,9,0,0,21,0,0,0,121,16,0,3,0,0,0
운수·창고·통신업,육상및수상운수업,500인 ~ 999인,98,4,27,7,1,0,1,1,0,0,0,2,1,0,7,0,0,0,31,14,2,0,0,0,0
운수·창고·통신업,육상및수상운수업,"1,000인 이상",2130,3,334,30,3,0,6,1,0,0,0,131,1,0,81,0,0,0,1516,15,0,5,4,0,0
운수·창고·통신업,통신업,계,237,30,51,19,5,0,7,3,0,0,0,4,1,0,25,0,0,0,42,33,14,1,2,0,0
운수·창고·통신업,통신업,5인 미만,54,0,9,5,1,0,1,0,0,0,0,1,0,0,4,0,0,0,28,4,1,0,0,0,0
운수·창고·통신업,통신업,5인 ~ 9인,20,1,2,0,0,0,0,0,0,0,0,1,0,0,1,0,0,0,11,3,0,0,1,0,0
운수·창고·통신업,통신업,10인 ~ 19인,19,6,4,0,0,0,1,1,0,0,0,0,1,0,2,0,0,0,0,4,0,0,0,0,0
운수·창고·통신업,통신업,20인 ~ 29인,20,2,6,3,0,0,0,0,0,0,0,1,0,0,2,0,0,0,2,2,2,0,0,0,0
운수·창고·통신업,통신업,30인 ~ 49인,49,10,9,3,2,0,2,0,0,0,0,0,0,0,12,0,0,0,0,7,3,0,1,0,0
운수·창고·통신업,통신업,50인 ~ 99인,47,7,14,7,0,0,2,2,0,0,0,0,0,0,3,0,0,0,0,9,2,1,0,0,0
운수·창고·통신업,통신업,100인 ~ 299인,21,4,5,1,1,0,1,0,0,0,0,1,0,0,1,0,0,0,1,4,2,0,0,0,0
운수·창고·통신업,통신업,300인 ~ 499인,3,0,1,0,1,0,0,0,0,0,0,0,0,0,0,0,0,0,0,0,1,0,0,0,0
운수·창고·통신업,통신업,500인 ~ 999인,3,0,1,0,0,0,0,0,0,0,0,0,0,0,0,0,0,0,0,0,2,0,0,0,0
운수·창고·통신업,통신업,"1,000인 이상",1,0,0,0,0,0,0,0,0,0,0,0,0,0,0,0,0,0,0,0,1,0,0,0,0
임  업,임  업 소계,계,1000,32,153,131,152,1,20,231,0,0,0,199,1,0,11,0,0,0,6,54,0,0,9,0,0
임  업,임  업 소계,5인 미만,539,15,68,86,85,1,5,122,0,0,0,126,1,0,2,0,0,0,2,23,0,0,3,0,0
임  업,임  업 소계,5인 ~ 9인,262,8,46,27,35,0,13,62,0,0,0,47,0,0,0,0,0,0,4,17,0,0,3,0,0
임  업,임  업 소계,10인 ~ 19인,152,8,32,9,25,0,1,38,0,0,0,23,0,0,6,0,0,0,0,7,0,0,3,0,0
임  업,임  업 소계,20인 ~ 29인,30,1,6,6,6,0,1,4,0,0,0,1,0,0,2,0,0,0,0,3,0,0,0,0,0
임  업,임  업 소계,30인 ~ 49인,14,0,1,2,1,0,0,5,0,0,0,2,0,0,1,0,0,0,0,2,0,0,0,0,0
임  업,임  업 소계,50인 ~ 99인,2,0,0,1,0,0,0,0,0,0,0,0,0,0,0,0,0,0,0,1,0,0,0,0,0
임  업,임  업 소계,100인 ~ 299인,0,0,0,0,0,0,0,0,0,0,0,0,0,0,0,0,0,0,0,0,0,0,0,0,0
임  업,임  업 소계,300인 ~ 499인,1,0,0,0,0,0,0,0,0,0,0,0,0,0,0,0,0,0,0,1,0,0,0,0,0
임  업,임  업 소계,500인 ~ 999인,0,0,0,0,0,0,0,0,0,0,0,0,0,0,0,0,0,0,0,0,0,0,0,0,0
임  업,임  업 소계,"1,000인 이상",0,0,0,0,0,0,0,0,0,0,0,0,0,0,0,0,0,0,0,0,0,0,0,0,0
임  업,임업,계,1000,32,153,131,152,1,20,231,0,0,0,199,1,0,11,0,0,0,6,54,0,0,9,0,0
임  업,임업,5인 미만,539,15,68,86,85,1,5,122,0,0,0,126,1,0,2,0,0,0,2,23,0,0,3,0,0
임  업,임업,5인 ~ 9인,262,8,46,27,35,0,13,62,0,0,0,47,0,0,0,0,0,0,4,17,0,0,3,0,0
임  업,임업,10인 ~ 19인,152,8,32,9,25,0,1,38,0,0,0,23,0,0,6,0,0,0,0,7,0,0,3,0,0
임  업,임업,20인 ~ 29인,30,1,6,6,6,0,1,4,0,0,0,1,0,0,2,0,0,0,0,3,0,0,0,0,0
임  업,임업,30인 ~ 49인,14,0,1,2,1,0,0,5,0,0,0,2,0,0,1,0,0,0,0,2,0,0,0,0,0
임  업,임업,50인 ~ 99인,2,0,0,1,0,0,0,0,0,0,0,0,0,0,0,0,0,0,0,1,0,0,0,0,0
임  업,임업,100인 ~ 299인,0,0,0,0,0,0,0,0,0,0,0,0,0,0,0,0,0,0,0,0,0,0,0,0,0
임  업,임업,300인 ~ 499인,1,0,0,0,0,0,0,0,0,0,0,0,0,0,0,0,0,0,0,1,0,0,0,0,0
임  업,임업,500인 ~ 999인,0,0,0,0,0,0,0,0,0,0,0,0,0,0,0,0,0,0,0,0,0,0,0,0,0
임  업,임업,"1,000인 이상",0,0,0,0,0,0,0,0,0,0,0,0,0,0,0,0,0,0,0,0,0,0,0,0,0
어  업,어  업 소계,계,37,4,9,3,4,0,5,3,0,0,0,0,1,3,0,2,0,0,0,3,0,0,0,0,0
어  업,어  업 소계,5인 미만,23,1,5,3,4,0,2,1,0,0,0,0,1,1,0,2,0,0,0,3,0,0,0,0,0
어  업,어  업 소계,5인 ~ 9인,13,3,4,0,0,0,3,1,0,0,0,0,0,2,0,0,0,0,0,0,0,0,0,0,0
어  업,어  업 소계,10인 ~ 19인,1,0,0,0,0,0,0,1,0,0,0,0,0,0,0,0,0,0,0,0,0,0,0,0,0
어  업,어  업 소계,20인 ~ 29인,0,0,0,0,0,0,0,0,0,0,0,0,0,0,0,0,0,0,0,0,0,0,0,0,0
어  업,어  업 소계,30인 ~ 49인,0,0,0,0,0,0,0,0,0,0,0,0,0,0,0,0,0,0,0,0,0,0,0,0,0
어  업,어  업 소계,50인 ~ 99인,0,0,0,0,0,0,0,0,0,0,0,0,0,0,0,0,0,0,0,0,0,0,0,0,0
어  업,어  업 소계,100인 ~ 299인,0,0,0,0,0,0,0,0,0,0,0,0,0,0,0,0,0,0,0,0,0,0,0,0,0
어  업,어  업 소계,300인 ~ 499인,0,0,0,0,0,0,0,0,0,0,0,0,0,0,0,0,0,0,0,0,0,0,0,0,0
어  업,어  업 소계,500인 ~ 999인,0,0,0,0,0,0,0,0,0,0,0,0,0,0,0,0,0,0,0,0,0,0,0,0,0
어  업,어  업 소계,"1,000인 이상",0,0,0,0,0,0,0,0,0,0,0,0,0,0,0,0,0,0,0,0,0,0,0,0,0
어  업,어업,계,37,4,9,3,4,0,5,3,0,0,0,0,1,3,0,2,0,0,0,3,0,0,0,0,0
어  업,어업,5인 미만,23,1,5,3,4,0,2,1,0,0,0,0,1,1,0,2,0,0,0,3,0,0,0,0,0
어  업,어업,5인 ~ 9인,13,3,4,0,0,0,3,1,0,0,0,0,0,2,0,0,0,0,0,0,0,0,0,0,0
어  업,어업,10인 ~ 19인,1,0,0,0,0,0,0,1,0,0,0,0,0,0,0,0,0,0,0,0,0,0,0,0,0
어  업,어업,20인 ~ 29인,0,0,0,0,0,0,0,0,0,0,0,0,0,0,0,0,0,0,0,0,0,0,0,0,0
어  업,어업,30인 ~ 49인,0,0,0,0,0,0,0,0,0,0,0,0,0,0,0,0,0,0,0,0,0,0,0,0,0
어  업,어업,50인 ~ 99인,0,0,0,0,0,0,0,0,0,0,0,0,0,0,0,0,0,0,0,0,0,0,0,0,0
어  업,어업,100인 ~ 299인,0,0,0,0,0,0,0,0,0,0,0,0,0,0,0,0,0,0,0,0,0,0,0,0,0
어  업,어업,300인 ~ 499인,0,0,0,0,0,0,0,0,0,0,0,0,0,0,0,0,0,0,0,0,0,0,0,0,0
어  업,어업,500인 ~ 999인,0,0,0,0,0,0,0,0,0,0,0,0,0,0,0,0,0,0,0,0,0,0,0,0,0
어  업,어업,"1,000인 이상",0,0,0,0,0,0,0,0,0,0,0,0,0,0,0,0,0,0,0,0,0,0,0,0,0
농  업,농  업 소계,계,706,153,120,60,23,2,107,76,3,2,2,13,9,0,19,4,1,0,20,37,4,1,50,0,0
농  업,농  업 소계,5인 미만,353,90,57,24,9,2,41,45,1,1,0,6,4,0,11,2,1,0,11,16,1,0,31,0,0
농  업,농  업 소계,5인 ~ 9인,128,26,18,19,5,0,23,14,0,0,0,4,3,0,0,1,0,0,2,6,0,0,7,0,0
농  업,농  업 소계,10인 ~ 19인,99,19,16,7,5,0,19,8,1,0,2,2,2,0,4,1,0,0,2,4,3,0,4,0,0
농  업,농  업 소계,20인 ~ 29인,44,9,11,3,0,0,7,0,0,1,0,0,0,0,1,0,0,0,2,5,0,0,5,0,0
농  업,농  업 소계,30인 ~ 49인,54,8,11,5,1,0,11,7,0,0,0,1,0,0,3,0,0,0,2,2,0,0,3,0,0
농  업,농  업 소계,50인 ~ 99인,21,1,6,1,3,0,4,1,0,0,0,0,0,0,0,0,0,0,1,3,0,1,0,0,0
농  업,농  업 소계,100인 ~ 299인,7,0,1,1,0,0,2,1,1,0,0,0,0,0,0,0,0,0,0,1,0,0,0,0,0
농  업,농  업 소계,300인 ~ 499인,0,0,0,0,0,0,0,0,0,0,0,0,0,0,0,0,0,0,0,0,0,0,0,0,0
농  업,농  업 소계,500인 ~ 999인,0,0,0,0,0,0,0,0,0,0,0,0,0,0,0,0,0,0,0,0,0,0,0,0,0
농  업,농  업 소계,"1,000인 이상",0,0,0,0,0,0,0,0,0,0,0,0,0,0,0,0,0,0,0,0,0,0,0,0,0
농  업,농업,계,706,153,120,60,23,2,107,76,3,2,2,13,9,0,19,4,1,0,20,37,4,1,50,0,0
농  업,농업,5인 미만,353,90,57,24,9,2,41,45,1,1,0,6,4,0,11,2,1,0,11,16,1,0,31,0,0
농  업,농업,5인 ~ 9인,128,26,18,19,5,0,23,14,0,0,0,4,3,0,0,1,0,0,2,6,0,0,7,0,0
농  업,농업,10인 ~ 19인,99,19,16,7,5,0,19,8,1,0,2,2,2,0,4,1,0,0,2,4,3,0,4,0,0
농  업,농업,20인 ~ 29인,44,9,11,3,0,0,7,0,0,1,0,0,0,0,1,0,0,0,2,5,0,0,5,0,0
농  업,농업,30인 ~ 49인,54,8,11,5,1,0,11,7,0,0,0,1,0,0,3,0,0,0,2,2,0,0,3,0,0
농  업,농업,50인 ~ 99인,21,1,6,1,3,0,4,1,0,0,0,0,0,0,0,0,0,0,1,3,0,1,0,0,0
농  업,농업,100인 ~ 299인,7,0,1,1,0,0,2,1,1,0,0,0,0,0,0,0,0,0,0,1,0,0,0,0,0
농  업,농업,300인 ~ 499인,0,0,0,0,0,0,0,0,0,0,0,0,0,0,0,0,0,0,0,0,0,0,0,0,0
농  업,농업,500인 ~ 999인,0,0,0,0,0,0,0,0,0,0,0,0,0,0,0,0,0,0,0,0,0,0,0,0,0
농  업,농업,"1,000인 이상",0,0,0,0,0,0,0,0,0,0,0,0,0,0,0,0,0,0,0,0,0,0,0,0,0
기타의사업,기타의사업 소계,계,51069,3369,15829,3700,2140,84,3053,4827,102,77,81,801,3803,5,3676,164,11,3,1428,5277,1780,443,400,14,2
기타의사업,기타의사업 소계,5인 미만,15076,1151,4135,895,612,29,1131,2037,25,38,29,219,1412,3,764,41,2,0,534,1132,720,55,108,3,1
기타의사업,기타의사업 소계,5인 ~ 9인,7624,598,2389,488,296,9,461,942,16,6,5,120,634,1,513,32,5,0,214,678,127,45,43,2,0
기타의사업,기타의사업 소계,10인 ~ 19인,7596,525,2534,570,291,8,439,677,25,15,20,113,585,0,540,24,2,0,209,718,192,61,46,2,0
기타의사업,기타의사업 소계,20인 ~ 29인,4340,273,1422,306,147,10,200,324,7,3,3,68,351,1,338,11,0,0,110,550,132,42,41,1,0
기타의사업,기타의사업 소계,30인 ~ 49인,4885,259,1639,361,180,6,265,268,6,6,10,95,415,0,381,14,0,1,117,651,118,68,25,0,0
기타의사업,기타의사업 소계,50인 ~ 99인,4087,221,1401,316,174,4,200,213,8,5,6,50,193,0,344,14,2,0,88,612,123,87,25,1,0
기타의사업,기타의사업 소계,100인 ~ 299인,4411,210,1469,451,299,12,211,196,5,1,5,85,122,0,500,12,0,0,64,499,159,57,50,4,0
기타의사업,기타의사업 소계,300인 ~ 499인,1165,35,290,141,44,2,54,55,1,0,1,21,40,0,135,3,0,1,23,206,64,10,39,0,0
기타의사업,기타의사업 소계,500인 ~ 999인,1027,55,301,104,46,3,56,69,4,2,2,14,39,0,85,4,0,0,33,152,41,7,9,1,0
기타의사업,기타의사업 소계,"1,000인 이상",858,42,249,68,51,1,36,46,5,1,0,16,12,0,76,9,0,1,36,79,104,11,14,0,1
기타의사업,시설관리및사업지원서비스업,계,10284,1095,4108,802,361,16,765,493,25,18,24,217,190,3,746,51,8,2,192,988,93,59,22,5,1
기타의사업,시설관리및사업지원서비스업,5인 미만,2737,340,1040,229,105,10,274,159,3,6,5,53,63,3,151,20,1,0,38,199,15,15,6,1,1
기타의사업,시설관리및사업지원서비스업,5인 ~ 9인,2067,240,895,135,70,1,113,119,3,1,2,51,29,0,139,11,5,0,31,195,9,18,0,0,0
기타의사업,시설관리및사업지원서비스업,10인 ~ 19인,1958,217,849,154,71,1,118,92,8,7,10,43,34,0,126,8,1,0,44,153,10,8,3,1,0
기타의사업,시설관리및사업지원서비스업,20인 ~ 29인,932,93,363,76,33,2,60,44,3,1,0,17,9,0,74,3,0,0,24,103,14,6,6,1,0
기타의사업,시설관리및사업지원서비스업,30인 ~ 49인,1033,98,383,76,31,1,91,27,3,1,3,27,18,0,108,2,0,1,19,123,14,4,3,0,0
기타의사업,시설관리및사업지원서비스업,50인 ~ 99인,839,69,313,66,27,1,66,28,3,2,0,18,24,0,70,4,1,0,17,111,11,4,4,0,0
기타의사업,시설관리및사업지원서비스업,100인 ~ 299인,531,31,195,52,17,0,33,21,1,0,4,6,8,0,60,3,0,0,15,64,16,3,0,2,0
기타의사업,시설관리및사업지원서비스업,300인 ~ 499인,102,5,41,5,5,0,6,1,0,0,0,1,3,0,12,0,0,1,2,18,2,0,0,0,0
기타의사업,시설관리및사업지원서비스업,500인 ~ 999인,64,2,20,9,1,0,3,2,0,0,0,1,2,0,4,0,0,0,0,19,1,0,0,0,0
기타의사업,시설관리및사업지원서비스업,"1,000인 이상",21,0,9,0,1,0,1,0,1,0,0,0,0,0,2,0,0,0,2,3,1,1,0,0,0
기타의사업,기타의각종사업,계,1866,231,484,122,92,6,128,117,11,2,7,37,66,0,106,5,1,0,66,294,75,6,9,0,1
기타의사업,기타의각종사업,5인 미만,813,123,191,54,51,5,67,55,5,1,3,21,15,0,40,2,1,0,28,126,16,2,7,0,0
기타의사업,기타의각종사업,5인 ~ 9인,312,49,67,16,21,0,26,27,3,1,0,4,9,0,14,1,0,0,14,47,11,1,1,0,0
기타의사업,기타의각종사업,10인 ~ 19인,258,24,80,17,7,0,17,12,2,0,2,2,18,0,13,0,0,0,8,43,11,1,1,0,0
기타의사업,기타의각종사업,20인 ~ 29인,123,14,42,9,1,0,7,5,0,0,1,2,3,0,11,0,0,0,5,18,5,0,0,0,0
기타의사업,기타의각종사업,30인 ~ 49인,100,7,26,10,4,0,4,3,0,0,1,2,5,0,8,0,0,0,3,18,8,1,0,0,0
기타의사업,기타의각종사업,50인 ~ 99인,120,7,36,8,6,0,2,8,1,0,0,1,9,0,15,2,0,0,3,16,5,1,0,0,0
기타의사업,기타의각종사업,100인 ~ 299인,72,2,27,6,0,1,3,3,0,0,0,4,4,0,3,0,0,0,0,9,10,0,0,0,0
기타의사업,기타의각종사업,300인 ~ 499인,10,0,2,1,0,0,0,1,0,0,0,0,1,0,0,0,0,0,1,3,1,0,0,0,0
기타의사업,기타의각종사업,500인 ~ 999인,17,1,4,1,1,0,0,2,0,0,0,0,1,0,0,0,0,0,0,3,4,0,0,0,0
기타의사업,기타의각종사업,"1,000인 이상",41,4,9,0,1,0,2,1,0,0,0,1,1,0,2,0,0,0,4,11,4,0,0,0,1
기타의사업,해외파견자,계,20,3,4,3,1,0,2,1,0,0,0,0,0,0,0,0,0,0,2,4,0,0,0,0,0
기타의사업,해외파견자,5인 미만,3,0,0,1,0,0,2,0,0,0,0,0,0,0,0,0,0,0,0,0,0,0,0,0,0
기타의사업,해외파견자,5인 ~ 9인,0,0,0,0,0,0,0,0,0,0,0,0,0,0,0,0,0,0,0,0,0,0,0,0,0
기타의사업,해외파견자,10인 ~ 19인,3,0,0,0,1,0,0,1,0,0,0,0,0,0,0,0,0,0,0,1,0,0,0,0,0
기타의사업,해외파견자,20인 ~ 29인,3,1,0,0,0,0,0,0,0,0,0,0,0,0,0,0,0,0,1,1,0,0,0,0,0
기타의사업,해외파견자,30인 ~ 49인,4,0,3,0,0,0,0,0,0,0,0,0,0,0,0,0,0,0,1,0,0,0,0,0,0
기타의사업,해외파견자,50인 ~ 99인,5,2,1,1,0,0,0,0,0,0,0,0,0,0,0,0,0,0,0,1,0,0,0,0,0
기타의사업,해외파견자,100인 ~ 299인,0,0,0,0,0,0,0,0,0,0,0,0,0,0,0,0,0,0,0,0,0,0,0,0,0
기타의사업,해외파견자,300인 ~ 499인,0,0,0,0,0,0,0,0,0,0,0,0,0,0,0,0,0,0,0,0,0,0,0,0,0
기타의사업,해외파견자,500인 ~ 999인,1,0,0,1,0,0,0,0,0,0,0,0,0,0,0,0,0,0,0,0,0,0,0,0,0
기타의사업,해외파견자,"1,000인 이상",1,0,0,0,0,0,0,0,0,0,0,0,0,0,0,0,0,0,0,1,0,0,0,0,0
기타의사업,전문·보건·교육·여가관련서비스업,계,11666,573,3937,898,476,8,417,406,40,12,12,134,451,1,1092,35,0,1,240,1309,1116,262,242,4,0
기타의사업,전문·보건·교육·여가관련서비스업,5인 미만,1710,87,342,97,28,3,43,68,7,1,1,20,48,0,107,0,0,0,45,108,632,21,52,0,0
기타의사업,전문·보건·교육·여가관련서비스업,5인 ~ 9인,1086,80,366,99,26,2,46,56,7,0,1,10,46,0,108,8,0,0,19,107,61,13,30,1,0
기타의사업,전문·보건·교육·여가관련서비스업,10인 ~ 19인,1558,95,564,147,44,0,69,58,9,2,1,15,58,0,149,2,0,0,39,157,84,36,28,1,0
기타의사업,전문·보건·교육·여가관련서비스업,20인 ~ 29인,1055,64,386,81,27,0,26,36,1,1,1,8,56,1,107,0,0,0,24,129,59,24,24,0,0
기타의사업,전문·보건·교육·여가관련서비스업,30인 ~ 49인,1557,70,601,110,45,1,61,45,3,4,1,25,86,0,148,2,0,0,42,203,47,51,12,0,0
기타의사업,전문·보건·교육·여가관련서비스업,50인 ~ 99인,1800,67,719,115,69,0,60,59,3,2,6,10,73,0,160,4,0,0,31,289,59,58,15,1,0
기타의사업,전문·보건·교육·여가관련서비스업,100인 ~ 299인,1973,76,694,186,197,2,63,54,3,0,0,33,58,0,229,6,0,0,20,186,88,42,36,0,0
기타의사업,전문·보건·교육·여가관련서비스업,300인 ~ 499인,397,8,114,24,17,0,14,10,1,0,1,5,13,0,32,2,0,0,7,65,40,7,37,0,0
기타의사업,전문·보건·교육·여가관련서비스업,500인 ~ 999인,241,10,73,20,11,0,20,9,4,1,0,3,11,0,22,2,0,0,6,25,18,3,2,1,0
기타의사업,전문·보건·교육·여가관련서비스업,"1,000인 이상",289,16,78,19,12,0,15,11,2,1,0,5,2,0,30,9,0,1,7,40,28,7,6,0,0
기타의사업,도소매·음식·숙박업,계,21064,1130,5496,1401,904,43,1482,3398,21,40,21,272,2609,1,1313,47,0,0,758,1810,216,47,52,3,0
기타의사업,도소매·음식·숙박업,5인 미만,9079,538,2306,456,390,8,715,1689,9,28,18,101,1275,0,428,17,0,0,400,619,41,15,25,1,0
기타의사업,도소매·음식·숙박업,5인 ~ 9인,3777,207,953,214,149,4,260,710,3,4,1,47,532,1,227,11,0,0,131,273,30,11,8,1,0
기타의사업,도소매·음식·숙박업,10인 ~ 19인,3098,153,825,200,134,7,207,473,5,6,2,40,392,0,207,9,0,0,101,267,54,8,8,0,0
기타의사업,도소매·음식·숙박업,20인 ~ 29인,1325,69,397,88,48,6,75,198,3,0,0,15,141,0,94,1,0,0,41,123,16,5,5,0,0
기타의사업,도소매·음식·숙박업,30인 ~ 49인,1115,45,324,88,47,2,63,151,0,0,0,15,126,0,72,5,0,0,39,109,23,2,4,0,0
기타의사업,도소매·음식·숙박업,50인 ~ 99인,751,37,197,75,35,3,48,79,1,0,0,15,57,0,56,2,0,0,13,114,18,1,0,0,0
기타의사업,도소매·음식·숙박업,100인 ~ 299인,1156,58,350,146,57,9,67,60,0,1,0,25,41,0,140,1,0,0,18,164,14,3,1,1,0
기타의사업,도소매·음식·숙박업,300인 ~ 499인,367,7,61,79,13,1,17,22,0,0,0,8,16,0,55,0,0,0,3,73,10,2,0,0,0
기타의사업,도소매·음식·숙박업,500인 ~ 999인,237,10,34,32,11,2,21,12,0,1,0,4,22,0,19,1,0,0,4,60,4,0,0,0,0
기타의사업,도소매·음식·숙박업,"1,000인 이상",159,6,49,23,20,1,9,4,0,0,0,2,7,0,15,0,0,0,8,8,6,0,1,0,0
기타의사업,부동산업및임대업,계,295,31,95,24,12,2,18,19,2,2,1,7,2,0,14,0,0,0,13,33,15,2,3,0,0
기타의사업,부동산업및임대업,5인 미만,181,18,63,15,6,2,11,17,1,2,1,5,0,0,4,0,0,0,7,24,2,1,2,0,0
기타의사업,부동산업및임대업,5인 ~ 9인,36,5,11,3,3,0,2,1,0,0,0,1,2,0,2,0,0,0,2,4,0,0,0,0,0
기타의사업,부동산업및임대업,10인 ~ 19인,30,5,7,5,0,0,4,0,1,0,0,0,0,0,3,0,0,0,1,3,1,0,0,0,0
기타의사업,부동산업및임대업,20인 ~ 29인,11,0,5,0,0,0,0,0,0,0,0,0,0,0,2,0,0,0,1,1,1,1,0,0,0
기타의사업,부동산업및임대업,30인 ~ 49인,8,2,2,0,0,0,0,0,0,0,0,0,0,0,2,0,0,0,0,1,0,0,1,0,0
기타의사업,부동산업및임대업,50인 ~ 99인,8,1,2,1,1,0,1,0,0,0,0,0,0,0,1,0,0,0,1,0,0,0,0,0,0
기타의사업,부동산업및임대업,100인 ~ 299인,9,0,2,0,0,0,0,1,0,0,0,1,0,0,0,0,0,0,0,0,5,0,0,0,0
기타의사업,부동산업및임대업,300인 ~ 499인,3,0,1,0,0,0,0,0,0,0,0,0,0,0,0,0,0,0,0,0,2,0,0,0,0
기타의사업,부동산업및임대업,500인 ~ 999인,5,0,2,0,1,0,0,0,0,0,0,0,0,0,0,0,0,0,0,0,2,0,0,0,0
기타의사업,부동산업및임대업,"1,000인 이상",4,0,0,0,1,0,0,0,0,0,0,0,0,0,0,0,0,0,1,0,2,0,0,0,0
기타의사업,국가및지방자치단체의사업,계,5834,302,1697,445,292,9,236,389,3,3,16,133,483,0,403,26,2,0,156,836,264,66,72,1,0
기타의사업,국가및지방자치단체의사업,5인 미만,553,45,193,43,32,1,19,49,0,0,1,19,11,0,34,2,0,0,16,56,14,1,16,1,0
기타의사업,국가및지방자치단체의사업,5인 ~ 9인,346,17,97,21,27,2,14,29,0,0,1,7,16,0,23,1,0,0,17,52,16,2,4,0,0
기타의사업,국가및지방자치단체의사업,10인 ~ 19인,689,31,209,47,34,0,23,41,0,0,5,13,83,0,41,5,1,0,16,94,32,8,6,0,0
기타의사업,국가및지방자치단체의사업,20인 ~ 29인,891,32,229,52,38,2,32,41,0,1,1,26,142,0,50,7,0,0,14,175,37,6,6,0,0
기타의사업,국가및지방자치단체의사업,30인 ~ 49인,1067,37,300,76,53,2,46,42,0,1,5,26,180,0,43,5,0,0,13,197,26,10,5,0,0
기타의사업,국가및지방자치단체의사업,50인 ~ 99인,563,38,133,50,36,0,23,39,0,1,0,6,30,0,42,2,1,0,23,81,29,23,6,0,0
기타의사업,국가및지방자치단체의사업,100인 ~ 299인,653,42,197,60,28,0,42,55,1,0,1,15,10,0,67,2,0,0,11,74,26,9,13,0,0
기타의사업,국가및지방자치단체의사업,300인 ~ 499인,281,14,70,32,8,1,17,21,0,0,0,7,6,0,36,1,0,0,10,46,9,1,2,0,0
기타의사업,국가및지방자치단체의사업,500인 ~ 999인,461,32,167,41,21,1,12,44,0,0,2,6,3,0,40,1,0,0,23,45,12,4,7,0,0
기타의사업,국가및지방자치단체의사업,"1,000인 이상",330,14,102,23,15,0,8,28,2,0,0,8,2,0,27,0,0,0,13,16,63,2,7,0,0
기타의사업,주한미군,계,40,4,8,5,2,0,5,4,0,0,0,1,2,0,2,0,0,0,1,3,1,1,0,1,0
기타의사업,주한미군,5인 미만,0,0,0,0,0,0,0,0,0,0,0,0,0,0,0,0,0,0,0,0,0,0,0,0,0
기타의사업,주한미군,5인 ~ 9인,0,0,0,0,0,0,0,0,0,0,0,0,0,0,0,0,0,0,0,0,0,0,0,0,0
기타의사업,주한미군,10인 ~ 19인,2,0,0,0,0,0,1,0,0,0,0,0,0,0,1,0,0,0,0,0,0,0,0,0,0
기타의사업,주한미군,20인 ~ 29인,0,0,0,0,0,0,0,0,0,0,0,0,0,0,0,0,0,0,0,0,0,0,0,0,0
기타의사업,주한미군,30인 ~ 49인,1,0,0,1,0,0,0,0,0,0,0,0,0,0,0,0,0,0,0,0,0,0,0,0,0
기타의사업,주한미군,50인 ~ 99인,1,0,0,0,0,0,0,0,0,0,0,0,0,0,0,0,0,0,0,0,1,0,0,0,0
기타의사업,주한미군,100인 ~ 299인,17,1,4,1,0,0,3,2,0,0,0,1,1,0,1,0,0,0,0,2,0,0,0,1,0
기타의사업,주한미군,300인 ~ 499인,5,1,1,0,1,0,0,0,0,0,0,0,1,0,0,0,0,0,0,1,0,0,0,0,0
기타의사업,주한미군,500인 ~ 999인,1,0,1,0,0,0,0,0,0,0,0,0,0,0,0,0,0,0,0,0,0,0,0,0,0
기타의사업,주한미군,"1,000인 이상",13,2,2,3,1,0,1,2,0,0,0,0,0,0,0,0,0,0,1,0,0,1,0,0,0
